<?xml version="1.0" encoding="UTF-8"?>
<project-private xmlns="http://www.netbeans.org/ns/project-private/1">
    <editor-bookmarks xmlns="http://www.netbeans.org/ns/editor-bookmarks/2" lastBookmarkId="0"/>
    <open-files xmlns="http://www.netbeans.org/ns/projectui-open-files/2">
        <group>
            <file>file:/D:/Programmation/fds/NetBeansProjects/Motus/folderPlayer</file>
            <file>file:/D:/Programmation/fds/NetBeansProjects/Motus/src/motus/Motus.java</file>
            <file>file:/D:/Programmation/fds/NetBeansProjects/Motus/src/motus/Game.java</file>
            <file>file:/D:/Programmation/fds/NetBeansProjects/Motus/src/motus/Verification.java</file>
            <file>file:/D:/Programmation/fds/NetBeansProjects/Motus/folderWords</file>
            <file>file:/D:/Programmation/fds/NetBeansProjects/Motus/src/motus/Words.java</file>
            <file>file:/D:/Programmation/fds/NetBeansProjects/Motus/src/motus/Player.java</file>
        </group>
    </open-files>
</project-private>
